timeStamp,elapsed,label,responseCode,responseMessage,threadName,dataType,success,failureMessage,bytes,sentBytes,grpThreads,allThreads,URL,Latency,IdleTime,Connect
1756193670892,5,GET  /characters ,200,OK,"Thread Group users 100, Ramp up 1, Loop count 1 1-1",text,true,,340,127,1,1,http://localhost:3001/characters,5,0,2
1756193670898,3,POST /character ,201,Created,"Thread Group users 100, Ramp up 1, Loop count 1 1-1",text,true,,275,219,2,2,http://localhost:3001/character,3,0,0
1756193670903,2,GET  /character/id ,200,OK,"Thread Group users 100, Ramp up 1, Loop count 1 1-1",text,true,,270,128,2,2,http://localhost:3001/character/4,2,0,0
1756193670902,5,GET  /characters ,200,OK,"Thread Group users 100, Ramp up 1, Loop count 1 1-2",text,true,,376,127,2,2,http://localhost:3001/characters,5,0,1
1756193670906,2,PUT /character/id ,200,OK,"Thread Group users 100, Ramp up 1, Loop count 1 1-1",text,true,,267,217,2,2,http://localhost:3001/character/4,2,0,0
1756193670908,3,POST /character ,201,Created,"Thread Group users 100, Ramp up 1, Loop count 1 1-2",text,true,,276,220,3,3,http://localhost:3001/character,3,0,0
1756193670909,4,DELETE /character/id ,200,OK,"Thread Group users 100, Ramp up 1, Loop count 1 1-1",text,true,,293,214,3,3,http://localhost:3001/character/4,4,0,0
1756193670913,3,GET  /character/id ,200,OK,"Thread Group users 100, Ramp up 1, Loop count 1 1-2",text,true,,271,128,2,2,http://localhost:3001/character/5,3,0,0
1756193670914,4,GET  /characters ,200,OK,"Thread Group users 100, Ramp up 1, Loop count 1 1-3",text,true,,377,127,2,2,http://localhost:3001/characters,4,0,1
1756193670917,2,PUT /character/id ,200,OK,"Thread Group users 100, Ramp up 1, Loop count 1 1-2",text,true,,267,217,2,2,http://localhost:3001/character/5,2,0,0
1756193670918,2,POST /character ,201,Created,"Thread Group users 100, Ramp up 1, Loop count 1 1-3",text,true,,277,221,2,2,http://localhost:3001/character,2,0,0
1756193670922,2,GET  /character/id ,200,OK,"Thread Group users 100, Ramp up 1, Loop count 1 1-3",text,true,,272,128,3,3,http://localhost:3001/character/5,2,0,0
1756193670921,3,DELETE /character/id ,200,OK,"Thread Group users 100, Ramp up 1, Loop count 1 1-2",text,true,,293,214,3,3,http://localhost:3001/character/5,3,0,0
1756193670923,2,GET  /characters ,200,OK,"Thread Group users 100, Ramp up 1, Loop count 1 1-4",text,true,,378,127,3,3,http://localhost:3001/characters,2,0,1
1756193670926,3,POST /character ,201,Created,"Thread Group users 100, Ramp up 1, Loop count 1 1-4",text,true,,276,220,2,2,http://localhost:3001/character,3,0,0
1756193670926,6,PUT /character/id ,200,OK,"Thread Group users 100, Ramp up 1, Loop count 1 1-3",text,true,,267,217,3,3,http://localhost:3001/character/5,6,0,0
1756193670931,2,GET  /character/id ,200,OK,"Thread Group users 100, Ramp up 1, Loop count 1 1-4",text,true,,267,128,3,3,http://localhost:3001/character/5,2,0,0
1756193670932,3,DELETE /character/id ,200,OK,"Thread Group users 100, Ramp up 1, Loop count 1 1-3",text,true,,293,214,3,3,http://localhost:3001/character/5,3,0,0
1756193670934,2,PUT /character/id ,200,OK,"Thread Group users 100, Ramp up 1, Loop count 1 1-4",text,true,,267,217,2,2,http://localhost:3001/character/5,2,0,0
1756193670932,4,GET  /characters ,200,OK,"Thread Group users 100, Ramp up 1, Loop count 1 1-5",text,true,,373,127,2,2,http://localhost:3001/characters,4,0,1
1756193670936,2,POST /character ,201,Created,"Thread Group users 100, Ramp up 1, Loop count 1 1-5",text,true,,276,220,2,2,http://localhost:3001/character,2,0,0
1756193670936,3,DELETE /character/id ,200,OK,"Thread Group users 100, Ramp up 1, Loop count 1 1-4",text,true,,293,214,2,2,http://localhost:3001/character/5,3,0,0
1756193670939,2,GET  /character/id ,200,OK,"Thread Group users 100, Ramp up 1, Loop count 1 1-5",text,true,,271,128,2,2,http://localhost:3001/character/5,2,0,0
1756193670941,2,PUT /character/id ,200,OK,"Thread Group users 100, Ramp up 1, Loop count 1 1-5",text,true,,267,217,2,2,http://localhost:3001/character/5,2,0,0
1756193670940,4,GET  /characters ,200,OK,"Thread Group users 100, Ramp up 1, Loop count 1 1-6",text,true,,373,127,2,2,http://localhost:3001/characters,4,0,1
1756193670944,1,DELETE /character/id ,200,OK,"Thread Group users 100, Ramp up 1, Loop count 1 1-5",text,true,,293,214,2,2,http://localhost:3001/character/5,1,0,0
1756193670944,1,POST /character ,201,Created,"Thread Group users 100, Ramp up 1, Loop count 1 1-6",text,true,,276,220,1,1,http://localhost:3001/character,1,0,0
1756193670946,2,GET  /character/id ,200,OK,"Thread Group users 100, Ramp up 1, Loop count 1 1-6",text,true,,271,128,1,1,http://localhost:3001/character/4,1,0,0
1756193670948,1,PUT /character/id ,200,OK,"Thread Group users 100, Ramp up 1, Loop count 1 1-6",text,true,,267,217,1,1,http://localhost:3001/character/4,1,0,0
1756193670949,2,DELETE /character/id ,200,OK,"Thread Group users 100, Ramp up 1, Loop count 1 1-6",text,true,,293,214,2,2,http://localhost:3001/character/4,2,0,0
1756193670951,3,GET  /characters ,200,OK,"Thread Group users 100, Ramp up 1, Loop count 1 1-7",text,true,,340,127,1,1,http://localhost:3001/characters,3,0,1
1756193670954,1,POST /character ,201,Created,"Thread Group users 100, Ramp up 1, Loop count 1 1-7",text,true,,275,219,1,1,http://localhost:3001/character,1,0,0
1756193670955,1,GET  /character/id ,200,OK,"Thread Group users 100, Ramp up 1, Loop count 1 1-7",text,true,,270,128,1,1,http://localhost:3001/character/4,1,0,0
1756193670956,0,PUT /character/id ,200,OK,"Thread Group users 100, Ramp up 1, Loop count 1 1-7",text,true,,267,217,1,1,http://localhost:3001/character/4,0,0,0
1756193670956,1,DELETE /character/id ,200,OK,"Thread Group users 100, Ramp up 1, Loop count 1 1-7",text,true,,293,214,1,1,http://localhost:3001/character/4,1,0,0
1756193670960,2,GET  /characters ,200,OK,"Thread Group users 100, Ramp up 1, Loop count 1 1-8",text,true,,340,127,1,1,http://localhost:3001/characters,2,0,1
1756193670963,1,POST /character ,201,Created,"Thread Group users 100, Ramp up 1, Loop count 1 1-8",text,true,,276,220,1,1,http://localhost:3001/character,1,0,0
1756193670964,2,GET  /character/id ,200,OK,"Thread Group users 100, Ramp up 1, Loop count 1 1-8",text,true,,271,128,1,1,http://localhost:3001/character/4,2,0,0
1756193670966,1,PUT /character/id ,200,OK,"Thread Group users 100, Ramp up 1, Loop count 1 1-8",text,true,,267,217,1,1,http://localhost:3001/character/4,1,0,0
1756193670967,1,DELETE /character/id ,200,OK,"Thread Group users 100, Ramp up 1, Loop count 1 1-8",text,true,,293,214,1,1,http://localhost:3001/character/4,1,0,0
1756193670970,2,GET  /characters ,200,OK,"Thread Group users 100, Ramp up 1, Loop count 1 1-9",text,true,,340,127,1,1,http://localhost:3001/characters,2,0,1
1756193670972,1,POST /character ,201,Created,"Thread Group users 100, Ramp up 1, Loop count 1 1-9",text,true,,276,220,1,1,http://localhost:3001/character,1,0,0
1756193670974,0,GET  /character/id ,200,OK,"Thread Group users 100, Ramp up 1, Loop count 1 1-9",text,true,,271,128,1,1,http://localhost:3001/character/4,0,0,0
1756193670974,2,PUT /character/id ,200,OK,"Thread Group users 100, Ramp up 1, Loop count 1 1-9",text,true,,267,217,1,1,http://localhost:3001/character/4,2,0,0
1756193670976,1,DELETE /character/id ,200,OK,"Thread Group users 100, Ramp up 1, Loop count 1 1-9",text,true,,293,214,1,1,http://localhost:3001/character/4,1,0,0
1756193670981,2,GET  /characters ,200,OK,"Thread Group users 100, Ramp up 1, Loop count 1 1-10",text,true,,340,127,1,1,http://localhost:3001/characters,2,0,1
1756193670983,2,POST /character ,201,Created,"Thread Group users 100, Ramp up 1, Loop count 1 1-10",text,true,,277,221,1,1,http://localhost:3001/character,2,0,0
1756193670985,1,GET  /character/id ,200,OK,"Thread Group users 100, Ramp up 1, Loop count 1 1-10",text,true,,272,128,1,1,http://localhost:3001/character/4,1,0,0
1756193670986,1,PUT /character/id ,200,OK,"Thread Group users 100, Ramp up 1, Loop count 1 1-10",text,true,,267,217,1,1,http://localhost:3001/character/4,1,0,0
1756193670987,1,DELETE /character/id ,200,OK,"Thread Group users 100, Ramp up 1, Loop count 1 1-10",text,true,,293,214,1,1,http://localhost:3001/character/4,1,0,0
1756193670991,2,GET  /characters ,200,OK,"Thread Group users 100, Ramp up 1, Loop count 1 1-11",text,true,,340,127,1,1,http://localhost:3001/characters,2,0,1
1756193670993,1,POST /character ,201,Created,"Thread Group users 100, Ramp up 1, Loop count 1 1-11",text,true,,276,220,1,1,http://localhost:3001/character,1,0,0
1756193670995,0,GET  /character/id ,200,OK,"Thread Group users 100, Ramp up 1, Loop count 1 1-11",text,true,,271,128,1,1,http://localhost:3001/character/4,0,0,0
1756193670996,0,PUT /character/id ,200,OK,"Thread Group users 100, Ramp up 1, Loop count 1 1-11",text,true,,267,217,1,1,http://localhost:3001/character/4,0,0,0
1756193670997,1,DELETE /character/id ,200,OK,"Thread Group users 100, Ramp up 1, Loop count 1 1-11",text,true,,293,214,1,1,http://localhost:3001/character/4,1,0,0
1756193671000,2,GET  /characters ,200,OK,"Thread Group users 100, Ramp up 1, Loop count 1 1-12",text,true,,340,127,1,1,http://localhost:3001/characters,2,0,1
1756193671002,1,POST /character ,201,Created,"Thread Group users 100, Ramp up 1, Loop count 1 1-12",text,true,,276,220,1,1,http://localhost:3001/character,1,0,0
1756193671003,1,GET  /character/id ,200,OK,"Thread Group users 100, Ramp up 1, Loop count 1 1-12",text,true,,271,128,1,1,http://localhost:3001/character/4,1,0,0
1756193671004,1,PUT /character/id ,200,OK,"Thread Group users 100, Ramp up 1, Loop count 1 1-12",text,true,,267,217,1,1,http://localhost:3001/character/4,1,0,0
1756193671005,1,DELETE /character/id ,200,OK,"Thread Group users 100, Ramp up 1, Loop count 1 1-12",text,true,,293,214,1,1,http://localhost:3001/character/4,1,0,0
1756193671011,2,GET  /characters ,200,OK,"Thread Group users 100, Ramp up 1, Loop count 1 1-13",text,true,,340,127,1,1,http://localhost:3001/characters,2,0,0
1756193671013,1,POST /character ,201,Created,"Thread Group users 100, Ramp up 1, Loop count 1 1-13",text,true,,274,218,1,1,http://localhost:3001/character,1,0,0
1756193671015,0,GET  /character/id ,200,OK,"Thread Group users 100, Ramp up 1, Loop count 1 1-13",text,true,,269,128,1,1,http://localhost:3001/character/4,0,0,0
1756193671015,1,PUT /character/id ,200,OK,"Thread Group users 100, Ramp up 1, Loop count 1 1-13",text,true,,267,217,1,1,http://localhost:3001/character/4,1,0,0
1756193671016,1,DELETE /character/id ,200,OK,"Thread Group users 100, Ramp up 1, Loop count 1 1-13",text,true,,293,214,1,1,http://localhost:3001/character/4,1,0,0
1756193671021,2,GET  /characters ,200,OK,"Thread Group users 100, Ramp up 1, Loop count 1 1-14",text,true,,340,127,1,1,http://localhost:3001/characters,2,0,1
1756193671023,1,POST /character ,201,Created,"Thread Group users 100, Ramp up 1, Loop count 1 1-14",text,true,,276,220,1,1,http://localhost:3001/character,1,0,0
1756193671025,1,GET  /character/id ,200,OK,"Thread Group users 100, Ramp up 1, Loop count 1 1-14",text,true,,271,128,1,1,http://localhost:3001/character/4,1,0,0
1756193671026,1,PUT /character/id ,200,OK,"Thread Group users 100, Ramp up 1, Loop count 1 1-14",text,true,,267,217,1,1,http://localhost:3001/character/4,1,0,0
1756193671027,0,DELETE /character/id ,200,OK,"Thread Group users 100, Ramp up 1, Loop count 1 1-14",text,true,,293,214,1,1,http://localhost:3001/character/4,0,0,0
1756193671031,1,GET  /characters ,200,OK,"Thread Group users 100, Ramp up 1, Loop count 1 1-15",text,true,,340,127,1,1,http://localhost:3001/characters,1,0,0
1756193671032,1,POST /character ,201,Created,"Thread Group users 100, Ramp up 1, Loop count 1 1-15",text,true,,276,220,1,1,http://localhost:3001/character,1,0,0
1756193671034,0,GET  /character/id ,200,OK,"Thread Group users 100, Ramp up 1, Loop count 1 1-15",text,true,,271,128,1,1,http://localhost:3001/character/4,0,0,0
1756193671034,2,PUT /character/id ,200,OK,"Thread Group users 100, Ramp up 1, Loop count 1 1-15",text,true,,267,217,1,1,http://localhost:3001/character/4,2,0,0
1756193671036,1,DELETE /character/id ,200,OK,"Thread Group users 100, Ramp up 1, Loop count 1 1-15",text,true,,293,214,1,1,http://localhost:3001/character/4,1,0,0
1756193671041,2,GET  /characters ,200,OK,"Thread Group users 100, Ramp up 1, Loop count 1 1-16",text,true,,340,127,1,1,http://localhost:3001/characters,2,0,1
1756193671043,1,POST /character ,201,Created,"Thread Group users 100, Ramp up 1, Loop count 1 1-16",text,true,,275,219,1,1,http://localhost:3001/character,1,0,0
1756193671045,0,GET  /character/id ,200,OK,"Thread Group users 100, Ramp up 1, Loop count 1 1-16",text,true,,270,128,1,1,http://localhost:3001/character/4,0,0,0
1756193671045,1,PUT /character/id ,200,OK,"Thread Group users 100, Ramp up 1, Loop count 1 1-16",text,true,,267,217,1,1,http://localhost:3001/character/4,1,0,0
1756193671046,2,DELETE /character/id ,200,OK,"Thread Group users 100, Ramp up 1, Loop count 1 1-16",text,true,,293,214,1,1,http://localhost:3001/character/4,2,0,0
1756193671050,1,GET  /characters ,200,OK,"Thread Group users 100, Ramp up 1, Loop count 1 1-17",text,true,,340,127,1,1,http://localhost:3001/characters,1,0,0
1756193671052,0,POST /character ,201,Created,"Thread Group users 100, Ramp up 1, Loop count 1 1-17",text,true,,276,220,1,1,http://localhost:3001/character,0,0,0
1756193671053,0,GET  /character/id ,200,OK,"Thread Group users 100, Ramp up 1, Loop count 1 1-17",text,true,,271,128,1,1,http://localhost:3001/character/4,0,0,0
1756193671054,0,PUT /character/id ,200,OK,"Thread Group users 100, Ramp up 1, Loop count 1 1-17",text,true,,267,217,1,1,http://localhost:3001/character/4,0,0,0
1756193671054,1,DELETE /character/id ,200,OK,"Thread Group users 100, Ramp up 1, Loop count 1 1-17",text,true,,293,214,1,1,http://localhost:3001/character/4,1,0,0
1756193671060,2,GET  /characters ,200,OK,"Thread Group users 100, Ramp up 1, Loop count 1 1-18",text,true,,340,127,1,1,http://localhost:3001/characters,2,0,1
1756193671062,1,POST /character ,201,Created,"Thread Group users 100, Ramp up 1, Loop count 1 1-18",text,true,,276,220,1,1,http://localhost:3001/character,1,0,0
1756193671063,0,GET  /character/id ,200,OK,"Thread Group users 100, Ramp up 1, Loop count 1 1-18",text,true,,271,128,1,1,http://localhost:3001/character/4,0,0,0
1756193671064,0,PUT /character/id ,200,OK,"Thread Group users 100, Ramp up 1, Loop count 1 1-18",text,true,,267,217,1,1,http://localhost:3001/character/4,0,0,0
1756193671064,1,DELETE /character/id ,200,OK,"Thread Group users 100, Ramp up 1, Loop count 1 1-18",text,true,,293,214,1,1,http://localhost:3001/character/4,1,0,0
1756193671071,1,GET  /characters ,200,OK,"Thread Group users 100, Ramp up 1, Loop count 1 1-19",text,true,,340,127,1,1,http://localhost:3001/characters,1,0,0
1756193671072,2,POST /character ,201,Created,"Thread Group users 100, Ramp up 1, Loop count 1 1-19",text,true,,276,220,1,1,http://localhost:3001/character,2,0,0
1756193671074,1,GET  /character/id ,200,OK,"Thread Group users 100, Ramp up 1, Loop count 1 1-19",text,true,,271,128,1,1,http://localhost:3001/character/4,1,0,0
1756193671076,1,PUT /character/id ,200,OK,"Thread Group users 100, Ramp up 1, Loop count 1 1-19",text,true,,267,217,1,1,http://localhost:3001/character/4,1,0,0
1756193671077,0,DELETE /character/id ,200,OK,"Thread Group users 100, Ramp up 1, Loop count 1 1-19",text,true,,293,214,1,1,http://localhost:3001/character/4,0,0,0
1756193671081,2,GET  /characters ,200,OK,"Thread Group users 100, Ramp up 1, Loop count 1 1-20",text,true,,340,127,1,1,http://localhost:3001/characters,1,0,0
1756193671083,1,POST /character ,201,Created,"Thread Group users 100, Ramp up 1, Loop count 1 1-20",text,true,,275,219,1,1,http://localhost:3001/character,1,0,0
1756193671084,1,GET  /character/id ,200,OK,"Thread Group users 100, Ramp up 1, Loop count 1 1-20",text,true,,270,128,1,1,http://localhost:3001/character/4,1,0,0
1756193671085,0,PUT /character/id ,200,OK,"Thread Group users 100, Ramp up 1, Loop count 1 1-20",text,true,,267,217,1,1,http://localhost:3001/character/4,0,0,0
1756193671086,0,DELETE /character/id ,200,OK,"Thread Group users 100, Ramp up 1, Loop count 1 1-20",text,true,,293,214,1,1,http://localhost:3001/character/4,0,0,0
1756193671091,2,GET  /characters ,200,OK,"Thread Group users 100, Ramp up 1, Loop count 1 1-21",text,true,,340,127,1,1,http://localhost:3001/characters,1,0,0
1756193671093,1,POST /character ,201,Created,"Thread Group users 100, Ramp up 1, Loop count 1 1-21",text,true,,276,220,1,1,http://localhost:3001/character,1,0,0
1756193671095,1,GET  /character/id ,200,OK,"Thread Group users 100, Ramp up 1, Loop count 1 1-21",text,true,,271,128,1,1,http://localhost:3001/character/4,1,0,0
1756193671096,1,PUT /character/id ,200,OK,"Thread Group users 100, Ramp up 1, Loop count 1 1-21",text,true,,267,217,1,1,http://localhost:3001/character/4,1,0,0
1756193671097,1,DELETE /character/id ,200,OK,"Thread Group users 100, Ramp up 1, Loop count 1 1-21",text,true,,293,214,1,1,http://localhost:3001/character/4,1,0,0
1756193671101,2,GET  /characters ,200,OK,"Thread Group users 100, Ramp up 1, Loop count 1 1-22",text,true,,340,127,1,1,http://localhost:3001/characters,2,0,1
1756193671103,2,POST /character ,201,Created,"Thread Group users 100, Ramp up 1, Loop count 1 1-22",text,true,,276,220,1,1,http://localhost:3001/character,2,0,0
1756193671105,1,GET  /character/id ,200,OK,"Thread Group users 100, Ramp up 1, Loop count 1 1-22",text,true,,271,128,1,1,http://localhost:3001/character/4,1,0,0
1756193671106,1,PUT /character/id ,200,OK,"Thread Group users 100, Ramp up 1, Loop count 1 1-22",text,true,,267,217,1,1,http://localhost:3001/character/4,1,0,0
1756193671107,1,DELETE /character/id ,200,OK,"Thread Group users 100, Ramp up 1, Loop count 1 1-22",text,true,,293,214,1,1,http://localhost:3001/character/4,1,0,0
1756193671111,2,GET  /characters ,200,OK,"Thread Group users 100, Ramp up 1, Loop count 1 1-23",text,true,,340,127,1,1,http://localhost:3001/characters,2,0,1
1756193671113,1,POST /character ,201,Created,"Thread Group users 100, Ramp up 1, Loop count 1 1-23",text,true,,276,220,1,1,http://localhost:3001/character,1,0,0
1756193671114,1,GET  /character/id ,200,OK,"Thread Group users 100, Ramp up 1, Loop count 1 1-23",text,true,,271,128,1,1,http://localhost:3001/character/4,1,0,0
1756193671115,1,PUT /character/id ,200,OK,"Thread Group users 100, Ramp up 1, Loop count 1 1-23",text,true,,267,217,1,1,http://localhost:3001/character/4,1,0,0
1756193671116,1,DELETE /character/id ,200,OK,"Thread Group users 100, Ramp up 1, Loop count 1 1-23",text,true,,293,214,1,1,http://localhost:3001/character/4,1,0,0
1756193671121,2,GET  /characters ,200,OK,"Thread Group users 100, Ramp up 1, Loop count 1 1-24",text,true,,340,127,1,1,http://localhost:3001/characters,2,0,1
1756193671123,1,POST /character ,201,Created,"Thread Group users 100, Ramp up 1, Loop count 1 1-24",text,true,,276,220,1,1,http://localhost:3001/character,1,0,0
1756193671125,0,GET  /character/id ,200,OK,"Thread Group users 100, Ramp up 1, Loop count 1 1-24",text,true,,271,128,1,1,http://localhost:3001/character/4,0,0,0
1756193671126,1,PUT /character/id ,200,OK,"Thread Group users 100, Ramp up 1, Loop count 1 1-24",text,true,,267,217,1,1,http://localhost:3001/character/4,1,0,0
1756193671127,1,DELETE /character/id ,200,OK,"Thread Group users 100, Ramp up 1, Loop count 1 1-24",text,true,,293,214,1,1,http://localhost:3001/character/4,1,0,0
1756193671130,2,GET  /characters ,200,OK,"Thread Group users 100, Ramp up 1, Loop count 1 1-25",text,true,,340,127,1,1,http://localhost:3001/characters,2,0,1
1756193671132,1,POST /character ,201,Created,"Thread Group users 100, Ramp up 1, Loop count 1 1-25",text,true,,275,219,1,1,http://localhost:3001/character,1,0,0
1756193671133,1,GET  /character/id ,200,OK,"Thread Group users 100, Ramp up 1, Loop count 1 1-25",text,true,,270,128,1,1,http://localhost:3001/character/4,1,0,0
1756193671134,0,PUT /character/id ,200,OK,"Thread Group users 100, Ramp up 1, Loop count 1 1-25",text,true,,267,217,1,1,http://localhost:3001/character/4,0,0,0
1756193671134,1,DELETE /character/id ,200,OK,"Thread Group users 100, Ramp up 1, Loop count 1 1-25",text,true,,293,214,1,1,http://localhost:3001/character/4,1,0,0
1756193671141,2,GET  /characters ,200,OK,"Thread Group users 100, Ramp up 1, Loop count 1 1-26",text,true,,340,127,1,1,http://localhost:3001/characters,2,0,1
1756193671144,1,POST /character ,201,Created,"Thread Group users 100, Ramp up 1, Loop count 1 1-26",text,true,,276,220,1,1,http://localhost:3001/character,1,0,0
1756193671145,1,GET  /character/id ,200,OK,"Thread Group users 100, Ramp up 1, Loop count 1 1-26",text,true,,271,128,1,1,http://localhost:3001/character/4,1,0,0
1756193671147,1,PUT /character/id ,200,OK,"Thread Group users 100, Ramp up 1, Loop count 1 1-26",text,true,,267,217,1,1,http://localhost:3001/character/4,1,0,0
1756193671148,1,DELETE /character/id ,200,OK,"Thread Group users 100, Ramp up 1, Loop count 1 1-26",text,true,,293,214,1,1,http://localhost:3001/character/4,1,0,0
1756193671151,1,GET  /characters ,200,OK,"Thread Group users 100, Ramp up 1, Loop count 1 1-27",text,true,,340,127,1,1,http://localhost:3001/characters,1,0,0
1756193671152,1,POST /character ,201,Created,"Thread Group users 100, Ramp up 1, Loop count 1 1-27",text,true,,276,220,1,1,http://localhost:3001/character,1,0,0
1756193671153,1,GET  /character/id ,200,OK,"Thread Group users 100, Ramp up 1, Loop count 1 1-27",text,true,,271,128,1,1,http://localhost:3001/character/4,1,0,0
1756193671154,1,PUT /character/id ,200,OK,"Thread Group users 100, Ramp up 1, Loop count 1 1-27",text,true,,267,217,1,1,http://localhost:3001/character/4,1,0,0
1756193671155,0,DELETE /character/id ,200,OK,"Thread Group users 100, Ramp up 1, Loop count 1 1-27",text,true,,293,214,1,1,http://localhost:3001/character/4,0,0,0
1756193671161,2,GET  /characters ,200,OK,"Thread Group users 100, Ramp up 1, Loop count 1 1-28",text,true,,340,127,1,1,http://localhost:3001/characters,2,0,1
1756193671163,1,POST /character ,201,Created,"Thread Group users 100, Ramp up 1, Loop count 1 1-28",text,true,,277,221,1,1,http://localhost:3001/character,1,0,0
1756193671164,1,GET  /character/id ,200,OK,"Thread Group users 100, Ramp up 1, Loop count 1 1-28",text,true,,272,128,1,1,http://localhost:3001/character/4,1,0,0
1756193671166,1,PUT /character/id ,200,OK,"Thread Group users 100, Ramp up 1, Loop count 1 1-28",text,true,,267,217,1,1,http://localhost:3001/character/4,1,0,0
1756193671167,1,DELETE /character/id ,200,OK,"Thread Group users 100, Ramp up 1, Loop count 1 1-28",text,true,,293,214,1,1,http://localhost:3001/character/4,1,0,0
1756193671170,2,GET  /characters ,200,OK,"Thread Group users 100, Ramp up 1, Loop count 1 1-29",text,true,,340,127,1,1,http://localhost:3001/characters,2,0,1
1756193671173,1,POST /character ,201,Created,"Thread Group users 100, Ramp up 1, Loop count 1 1-29",text,true,,276,220,1,1,http://localhost:3001/character,1,0,0
1756193671174,1,GET  /character/id ,200,OK,"Thread Group users 100, Ramp up 1, Loop count 1 1-29",text,true,,271,128,1,1,http://localhost:3001/character/4,1,0,0
1756193671175,2,PUT /character/id ,200,OK,"Thread Group users 100, Ramp up 1, Loop count 1 1-29",text,true,,267,217,1,1,http://localhost:3001/character/4,2,0,0
1756193671177,1,DELETE /character/id ,200,OK,"Thread Group users 100, Ramp up 1, Loop count 1 1-29",text,true,,293,214,1,1,http://localhost:3001/character/4,1,0,0
1756193671180,2,GET  /characters ,200,OK,"Thread Group users 100, Ramp up 1, Loop count 1 1-30",text,true,,340,127,1,1,http://localhost:3001/characters,2,0,1
1756193671182,1,POST /character ,201,Created,"Thread Group users 100, Ramp up 1, Loop count 1 1-30",text,true,,276,220,1,1,http://localhost:3001/character,1,0,0
1756193671184,1,GET  /character/id ,200,OK,"Thread Group users 100, Ramp up 1, Loop count 1 1-30",text,true,,271,128,1,1,http://localhost:3001/character/4,0,0,0
1756193671185,1,PUT /character/id ,200,OK,"Thread Group users 100, Ramp up 1, Loop count 1 1-30",text,true,,267,217,1,1,http://localhost:3001/character/4,1,0,0
1756193671186,2,DELETE /character/id ,200,OK,"Thread Group users 100, Ramp up 1, Loop count 1 1-30",text,true,,293,214,1,1,http://localhost:3001/character/4,2,0,0
1756193671191,1,GET  /characters ,200,OK,"Thread Group users 100, Ramp up 1, Loop count 1 1-31",text,true,,340,127,1,1,http://localhost:3001/characters,1,0,0
1756193671193,1,POST /character ,201,Created,"Thread Group users 100, Ramp up 1, Loop count 1 1-31",text,true,,276,220,1,1,http://localhost:3001/character,1,0,0
1756193671194,0,GET  /character/id ,200,OK,"Thread Group users 100, Ramp up 1, Loop count 1 1-31",text,true,,271,128,1,1,http://localhost:3001/character/4,0,0,0
1756193671195,0,PUT /character/id ,200,OK,"Thread Group users 100, Ramp up 1, Loop count 1 1-31",text,true,,267,217,1,1,http://localhost:3001/character/4,0,0,0
1756193671195,1,DELETE /character/id ,200,OK,"Thread Group users 100, Ramp up 1, Loop count 1 1-31",text,true,,293,214,1,1,http://localhost:3001/character/4,1,0,0
1756193671201,1,GET  /characters ,200,OK,"Thread Group users 100, Ramp up 1, Loop count 1 1-32",text,true,,340,127,1,1,http://localhost:3001/characters,1,0,0
1756193671202,1,POST /character ,201,Created,"Thread Group users 100, Ramp up 1, Loop count 1 1-32",text,true,,276,220,1,1,http://localhost:3001/character,1,0,0
1756193671204,0,GET  /character/id ,200,OK,"Thread Group users 100, Ramp up 1, Loop count 1 1-32",text,true,,271,128,1,1,http://localhost:3001/character/4,0,0,0
1756193671204,1,PUT /character/id ,200,OK,"Thread Group users 100, Ramp up 1, Loop count 1 1-32",text,true,,267,217,1,1,http://localhost:3001/character/4,1,0,0
1756193671205,0,DELETE /character/id ,200,OK,"Thread Group users 100, Ramp up 1, Loop count 1 1-32",text,true,,293,214,1,1,http://localhost:3001/character/4,0,0,0
1756193671210,2,GET  /characters ,200,OK,"Thread Group users 100, Ramp up 1, Loop count 1 1-33",text,true,,340,127,1,1,http://localhost:3001/characters,2,0,1
1756193671213,0,POST /character ,201,Created,"Thread Group users 100, Ramp up 1, Loop count 1 1-33",text,true,,276,220,1,1,http://localhost:3001/character,0,0,0
1756193671214,0,GET  /character/id ,200,OK,"Thread Group users 100, Ramp up 1, Loop count 1 1-33",text,true,,271,128,1,1,http://localhost:3001/character/4,0,0,0
1756193671214,1,PUT /character/id ,200,OK,"Thread Group users 100, Ramp up 1, Loop count 1 1-33",text,true,,267,217,1,1,http://localhost:3001/character/4,1,0,0
1756193671215,1,DELETE /character/id ,200,OK,"Thread Group users 100, Ramp up 1, Loop count 1 1-33",text,true,,293,214,1,1,http://localhost:3001/character/4,1,0,0
1756193671220,2,GET  /characters ,200,OK,"Thread Group users 100, Ramp up 1, Loop count 1 1-34",text,true,,340,127,1,1,http://localhost:3001/characters,2,0,1
1756193671222,1,POST /character ,201,Created,"Thread Group users 100, Ramp up 1, Loop count 1 1-34",text,true,,276,220,1,1,http://localhost:3001/character,1,0,0
1756193671223,1,GET  /character/id ,200,OK,"Thread Group users 100, Ramp up 1, Loop count 1 1-34",text,true,,271,128,1,1,http://localhost:3001/character/4,1,0,0
1756193671224,1,PUT /character/id ,200,OK,"Thread Group users 100, Ramp up 1, Loop count 1 1-34",text,true,,267,217,1,1,http://localhost:3001/character/4,1,0,0
1756193671225,0,DELETE /character/id ,200,OK,"Thread Group users 100, Ramp up 1, Loop count 1 1-34",text,true,,293,214,1,1,http://localhost:3001/character/4,0,0,0
1756193671231,1,GET  /characters ,200,OK,"Thread Group users 100, Ramp up 1, Loop count 1 1-35",text,true,,340,127,1,1,http://localhost:3001/characters,1,0,0
1756193671232,1,POST /character ,201,Created,"Thread Group users 100, Ramp up 1, Loop count 1 1-35",text,true,,276,220,1,1,http://localhost:3001/character,1,0,0
1756193671233,1,GET  /character/id ,200,OK,"Thread Group users 100, Ramp up 1, Loop count 1 1-35",text,true,,271,128,1,1,http://localhost:3001/character/4,1,0,0
1756193671234,1,PUT /character/id ,200,OK,"Thread Group users 100, Ramp up 1, Loop count 1 1-35",text,true,,267,217,1,1,http://localhost:3001/character/4,0,0,0
1756193671235,1,DELETE /character/id ,200,OK,"Thread Group users 100, Ramp up 1, Loop count 1 1-35",text,true,,293,214,1,1,http://localhost:3001/character/4,1,0,0
1756193671240,2,GET  /characters ,200,OK,"Thread Group users 100, Ramp up 1, Loop count 1 1-36",text,true,,340,127,1,1,http://localhost:3001/characters,2,0,1
1756193671242,0,POST /character ,201,Created,"Thread Group users 100, Ramp up 1, Loop count 1 1-36",text,true,,276,220,1,1,http://localhost:3001/character,0,0,0
1756193671243,1,GET  /character/id ,200,OK,"Thread Group users 100, Ramp up 1, Loop count 1 1-36",text,true,,271,128,1,1,http://localhost:3001/character/4,1,0,0
1756193671244,1,PUT /character/id ,200,OK,"Thread Group users 100, Ramp up 1, Loop count 1 1-36",text,true,,267,217,1,1,http://localhost:3001/character/4,1,0,0
1756193671245,1,DELETE /character/id ,200,OK,"Thread Group users 100, Ramp up 1, Loop count 1 1-36",text,true,,293,214,1,1,http://localhost:3001/character/4,1,0,0
1756193671251,2,GET  /characters ,200,OK,"Thread Group users 100, Ramp up 1, Loop count 1 1-37",text,true,,340,127,1,1,http://localhost:3001/characters,2,0,0
1756193671253,2,POST /character ,201,Created,"Thread Group users 100, Ramp up 1, Loop count 1 1-37",text,true,,276,220,1,1,http://localhost:3001/character,1,0,0
1756193671255,1,GET  /character/id ,200,OK,"Thread Group users 100, Ramp up 1, Loop count 1 1-37",text,true,,271,128,1,1,http://localhost:3001/character/4,1,0,0
1756193671256,1,PUT /character/id ,200,OK,"Thread Group users 100, Ramp up 1, Loop count 1 1-37",text,true,,267,217,1,1,http://localhost:3001/character/4,1,0,0
1756193671257,1,DELETE /character/id ,200,OK,"Thread Group users 100, Ramp up 1, Loop count 1 1-37",text,true,,293,214,1,1,http://localhost:3001/character/4,1,0,0
1756193671261,2,GET  /characters ,200,OK,"Thread Group users 100, Ramp up 1, Loop count 1 1-38",text,true,,340,127,1,1,http://localhost:3001/characters,2,0,1
1756193671263,1,POST /character ,201,Created,"Thread Group users 100, Ramp up 1, Loop count 1 1-38",text,true,,277,221,1,1,http://localhost:3001/character,1,0,0
1756193671265,1,GET  /character/id ,200,OK,"Thread Group users 100, Ramp up 1, Loop count 1 1-38",text,true,,272,128,1,1,http://localhost:3001/character/4,1,0,0
1756193671266,1,PUT /character/id ,200,OK,"Thread Group users 100, Ramp up 1, Loop count 1 1-38",text,true,,267,217,1,1,http://localhost:3001/character/4,1,0,0
1756193671268,1,DELETE /character/id ,200,OK,"Thread Group users 100, Ramp up 1, Loop count 1 1-38",text,true,,293,214,1,1,http://localhost:3001/character/4,1,0,0
1756193671271,1,GET  /characters ,200,OK,"Thread Group users 100, Ramp up 1, Loop count 1 1-39",text,true,,340,127,1,1,http://localhost:3001/characters,1,0,0
1756193671273,1,POST /character ,201,Created,"Thread Group users 100, Ramp up 1, Loop count 1 1-39",text,true,,276,220,1,1,http://localhost:3001/character,1,0,0
1756193671274,1,GET  /character/id ,200,OK,"Thread Group users 100, Ramp up 1, Loop count 1 1-39",text,true,,271,128,1,1,http://localhost:3001/character/4,1,0,0
1756193671275,1,PUT /character/id ,200,OK,"Thread Group users 100, Ramp up 1, Loop count 1 1-39",text,true,,267,217,1,1,http://localhost:3001/character/4,1,0,0
1756193671277,1,DELETE /character/id ,200,OK,"Thread Group users 100, Ramp up 1, Loop count 1 1-39",text,true,,293,214,1,1,http://localhost:3001/character/4,1,0,0
1756193671281,1,GET  /characters ,200,OK,"Thread Group users 100, Ramp up 1, Loop count 1 1-40",text,true,,340,127,1,1,http://localhost:3001/characters,1,0,0
1756193671283,1,POST /character ,201,Created,"Thread Group users 100, Ramp up 1, Loop count 1 1-40",text,true,,277,221,1,1,http://localhost:3001/character,1,0,0
1756193671284,1,GET  /character/id ,200,OK,"Thread Group users 100, Ramp up 1, Loop count 1 1-40",text,true,,272,128,1,1,http://localhost:3001/character/4,1,0,0
1756193671285,1,PUT /character/id ,200,OK,"Thread Group users 100, Ramp up 1, Loop count 1 1-40",text,true,,267,217,1,1,http://localhost:3001/character/4,1,0,0
1756193671286,1,DELETE /character/id ,200,OK,"Thread Group users 100, Ramp up 1, Loop count 1 1-40",text,true,,293,214,1,1,http://localhost:3001/character/4,1,0,0
1756193671290,2,GET  /characters ,200,OK,"Thread Group users 100, Ramp up 1, Loop count 1 1-41",text,true,,340,127,1,1,http://localhost:3001/characters,2,0,1
1756193671292,1,POST /character ,201,Created,"Thread Group users 100, Ramp up 1, Loop count 1 1-41",text,true,,276,220,1,1,http://localhost:3001/character,1,0,0
1756193671294,1,GET  /character/id ,200,OK,"Thread Group users 100, Ramp up 1, Loop count 1 1-41",text,true,,271,128,1,1,http://localhost:3001/character/4,1,0,0
1756193671296,1,PUT /character/id ,200,OK,"Thread Group users 100, Ramp up 1, Loop count 1 1-41",text,true,,267,217,1,1,http://localhost:3001/character/4,1,0,0
1756193671297,1,DELETE /character/id ,200,OK,"Thread Group users 100, Ramp up 1, Loop count 1 1-41",text,true,,293,214,1,1,http://localhost:3001/character/4,1,0,0
1756193671301,2,GET  /characters ,200,OK,"Thread Group users 100, Ramp up 1, Loop count 1 1-42",text,true,,340,127,1,1,http://localhost:3001/characters,2,0,1
1756193671303,1,POST /character ,201,Created,"Thread Group users 100, Ramp up 1, Loop count 1 1-42",text,true,,276,220,1,1,http://localhost:3001/character,1,0,0
1756193671304,1,GET  /character/id ,200,OK,"Thread Group users 100, Ramp up 1, Loop count 1 1-42",text,true,,271,128,1,1,http://localhost:3001/character/4,1,0,0
1756193671306,0,PUT /character/id ,200,OK,"Thread Group users 100, Ramp up 1, Loop count 1 1-42",text,true,,267,217,1,1,http://localhost:3001/character/4,0,0,0
1756193671306,1,DELETE /character/id ,200,OK,"Thread Group users 100, Ramp up 1, Loop count 1 1-42",text,true,,293,214,1,1,http://localhost:3001/character/4,1,0,0
1756193671311,2,GET  /characters ,200,OK,"Thread Group users 100, Ramp up 1, Loop count 1 1-43",text,true,,340,127,1,1,http://localhost:3001/characters,2,0,1
1756193671313,1,POST /character ,201,Created,"Thread Group users 100, Ramp up 1, Loop count 1 1-43",text,true,,276,220,1,1,http://localhost:3001/character,1,0,0
1756193671315,1,GET  /character/id ,200,OK,"Thread Group users 100, Ramp up 1, Loop count 1 1-43",text,true,,271,128,1,1,http://localhost:3001/character/4,1,0,0
1756193671316,1,PUT /character/id ,200,OK,"Thread Group users 100, Ramp up 1, Loop count 1 1-43",text,true,,267,217,1,1,http://localhost:3001/character/4,1,0,0
1756193671318,0,DELETE /character/id ,200,OK,"Thread Group users 100, Ramp up 1, Loop count 1 1-43",text,true,,293,214,1,1,http://localhost:3001/character/4,0,0,0
1756193671320,2,GET  /characters ,200,OK,"Thread Group users 100, Ramp up 1, Loop count 1 1-44",text,true,,340,127,1,1,http://localhost:3001/characters,2,0,1
1756193671323,1,POST /character ,201,Created,"Thread Group users 100, Ramp up 1, Loop count 1 1-44",text,true,,276,220,1,1,http://localhost:3001/character,1,0,0
1756193671324,1,GET  /character/id ,200,OK,"Thread Group users 100, Ramp up 1, Loop count 1 1-44",text,true,,271,128,1,1,http://localhost:3001/character/4,1,0,0
1756193671325,0,PUT /character/id ,200,OK,"Thread Group users 100, Ramp up 1, Loop count 1 1-44",text,true,,267,217,1,1,http://localhost:3001/character/4,0,0,0
1756193671325,1,DELETE /character/id ,200,OK,"Thread Group users 100, Ramp up 1, Loop count 1 1-44",text,true,,293,214,1,1,http://localhost:3001/character/4,1,0,0
1756193671331,1,GET  /characters ,200,OK,"Thread Group users 100, Ramp up 1, Loop count 1 1-45",text,true,,340,127,1,1,http://localhost:3001/characters,1,0,0
1756193671333,1,POST /character ,201,Created,"Thread Group users 100, Ramp up 1, Loop count 1 1-45",text,true,,276,220,1,1,http://localhost:3001/character,1,0,0
1756193671334,1,GET  /character/id ,200,OK,"Thread Group users 100, Ramp up 1, Loop count 1 1-45",text,true,,271,128,1,1,http://localhost:3001/character/4,1,0,0
1756193671335,1,PUT /character/id ,200,OK,"Thread Group users 100, Ramp up 1, Loop count 1 1-45",text,true,,267,217,1,1,http://localhost:3001/character/4,1,0,0
1756193671336,1,DELETE /character/id ,200,OK,"Thread Group users 100, Ramp up 1, Loop count 1 1-45",text,true,,293,214,1,1,http://localhost:3001/character/4,1,0,0
1756193671343,3,GET  /characters ,200,OK,"Thread Group users 100, Ramp up 1, Loop count 1 1-46",text,true,,340,127,1,1,http://localhost:3001/characters,3,0,1
1756193671346,2,POST /character ,201,Created,"Thread Group users 100, Ramp up 1, Loop count 1 1-46",text,true,,277,221,1,1,http://localhost:3001/character,2,0,0
1756193671349,1,GET  /character/id ,200,OK,"Thread Group users 100, Ramp up 1, Loop count 1 1-46",text,true,,272,128,2,2,http://localhost:3001/character/4,1,0,0
1756193671350,2,PUT /character/id ,200,OK,"Thread Group users 100, Ramp up 1, Loop count 1 1-46",text,true,,267,217,2,2,http://localhost:3001/character/4,2,0,0
1756193671350,3,GET  /characters ,200,OK,"Thread Group users 100, Ramp up 1, Loop count 1 1-47",text,true,,373,127,2,2,http://localhost:3001/characters,3,0,1
1756193671353,1,DELETE /character/id ,200,OK,"Thread Group users 100, Ramp up 1, Loop count 1 1-46",text,true,,293,214,2,2,http://localhost:3001/character/4,1,0,0
1756193671354,1,POST /character ,201,Created,"Thread Group users 100, Ramp up 1, Loop count 1 1-47",text,true,,277,221,1,1,http://localhost:3001/character,1,0,0
1756193671355,2,GET  /character/id ,200,OK,"Thread Group users 100, Ramp up 1, Loop count 1 1-47",text,true,,272,128,1,1,http://localhost:3001/character/4,2,0,0
1756193671357,1,PUT /character/id ,200,OK,"Thread Group users 100, Ramp up 1, Loop count 1 1-47",text,true,,267,217,1,1,http://localhost:3001/character/4,1,0,0
1756193671358,2,DELETE /character/id ,200,OK,"Thread Group users 100, Ramp up 1, Loop count 1 1-47",text,true,,293,214,2,2,http://localhost:3001/character/4,2,0,0
1756193671361,3,GET  /characters ,200,OK,"Thread Group users 100, Ramp up 1, Loop count 1 1-48",text,true,,340,127,1,1,http://localhost:3001/characters,3,0,1
1756193671364,2,POST /character ,201,Created,"Thread Group users 100, Ramp up 1, Loop count 1 1-48",text,true,,277,221,1,1,http://localhost:3001/character,2,0,0
1756193671366,2,GET  /character/id ,200,OK,"Thread Group users 100, Ramp up 1, Loop count 1 1-48",text,true,,272,128,1,1,http://localhost:3001/character/4,2,0,0
1756193671368,1,PUT /character/id ,200,OK,"Thread Group users 100, Ramp up 1, Loop count 1 1-48",text,true,,267,217,1,1,http://localhost:3001/character/4,1,0,0
1756193671370,2,DELETE /character/id ,200,OK,"Thread Group users 100, Ramp up 1, Loop count 1 1-48",text,true,,293,214,2,2,http://localhost:3001/character/4,2,0,0
1756193671372,2,GET  /characters ,200,OK,"Thread Group users 100, Ramp up 1, Loop count 1 1-49",text,true,,340,127,1,1,http://localhost:3001/characters,2,0,0
1756193671374,2,POST /character ,201,Created,"Thread Group users 100, Ramp up 1, Loop count 1 1-49",text,true,,276,220,1,1,http://localhost:3001/character,2,0,0
1756193671377,1,GET  /character/id ,200,OK,"Thread Group users 100, Ramp up 1, Loop count 1 1-49",text,true,,271,128,1,1,http://localhost:3001/character/4,1,0,0
1756193671378,2,PUT /character/id ,200,OK,"Thread Group users 100, Ramp up 1, Loop count 1 1-49",text,true,,267,217,2,2,http://localhost:3001/character/4,2,0,0
1756193671380,2,DELETE /character/id ,200,OK,"Thread Group users 100, Ramp up 1, Loop count 1 1-49",text,true,,293,214,2,2,http://localhost:3001/character/4,2,0,0
1756193671381,1,GET  /characters ,200,OK,"Thread Group users 100, Ramp up 1, Loop count 1 1-50",text,true,,340,127,1,1,http://localhost:3001/characters,1,0,0
1756193671383,1,POST /character ,201,Created,"Thread Group users 100, Ramp up 1, Loop count 1 1-50",text,true,,276,220,1,1,http://localhost:3001/character,1,0,0
1756193671384,1,GET  /character/id ,200,OK,"Thread Group users 100, Ramp up 1, Loop count 1 1-50",text,true,,271,128,1,1,http://localhost:3001/character/4,1,0,0
1756193671385,0,PUT /character/id ,200,OK,"Thread Group users 100, Ramp up 1, Loop count 1 1-50",text,true,,267,217,1,1,http://localhost:3001/character/4,0,0,0
1756193671386,0,DELETE /character/id ,200,OK,"Thread Group users 100, Ramp up 1, Loop count 1 1-50",text,true,,293,214,1,1,http://localhost:3001/character/4,0,0,0
1756193671391,1,GET  /characters ,200,OK,"Thread Group users 100, Ramp up 1, Loop count 1 1-51",text,true,,340,127,1,1,http://localhost:3001/characters,1,0,0
1756193671393,1,POST /character ,201,Created,"Thread Group users 100, Ramp up 1, Loop count 1 1-51",text,true,,276,220,1,1,http://localhost:3001/character,1,0,0
1756193671395,1,GET  /character/id ,200,OK,"Thread Group users 100, Ramp up 1, Loop count 1 1-51",text,true,,271,128,1,1,http://localhost:3001/character/4,1,0,0
1756193671396,1,PUT /character/id ,200,OK,"Thread Group users 100, Ramp up 1, Loop count 1 1-51",text,true,,267,217,1,1,http://localhost:3001/character/4,1,0,0
1756193671398,0,DELETE /character/id ,200,OK,"Thread Group users 100, Ramp up 1, Loop count 1 1-51",text,true,,293,214,1,1,http://localhost:3001/character/4,0,0,0
1756193671401,1,GET  /characters ,200,OK,"Thread Group users 100, Ramp up 1, Loop count 1 1-52",text,true,,340,127,1,1,http://localhost:3001/characters,1,0,1
1756193671403,1,POST /character ,201,Created,"Thread Group users 100, Ramp up 1, Loop count 1 1-52",text,true,,276,220,1,1,http://localhost:3001/character,1,0,0
1756193671405,1,GET  /character/id ,200,OK,"Thread Group users 100, Ramp up 1, Loop count 1 1-52",text,true,,271,128,1,1,http://localhost:3001/character/4,1,0,0
1756193671406,1,PUT /character/id ,200,OK,"Thread Group users 100, Ramp up 1, Loop count 1 1-52",text,true,,267,217,1,1,http://localhost:3001/character/4,1,0,0
1756193671407,1,DELETE /character/id ,200,OK,"Thread Group users 100, Ramp up 1, Loop count 1 1-52",text,true,,293,214,1,1,http://localhost:3001/character/4,1,0,0
1756193671412,1,GET  /characters ,200,OK,"Thread Group users 100, Ramp up 1, Loop count 1 1-53",text,true,,340,127,1,1,http://localhost:3001/characters,1,0,0
1756193671414,1,POST /character ,201,Created,"Thread Group users 100, Ramp up 1, Loop count 1 1-53",text,true,,276,220,1,1,http://localhost:3001/character,1,0,0
1756193671415,1,GET  /character/id ,200,OK,"Thread Group users 100, Ramp up 1, Loop count 1 1-53",text,true,,271,128,1,1,http://localhost:3001/character/4,1,0,0
1756193671416,1,PUT /character/id ,200,OK,"Thread Group users 100, Ramp up 1, Loop count 1 1-53",text,true,,267,217,1,1,http://localhost:3001/character/4,1,0,0
1756193671418,1,DELETE /character/id ,200,OK,"Thread Group users 100, Ramp up 1, Loop count 1 1-53",text,true,,293,214,1,1,http://localhost:3001/character/4,1,0,0
1756193671421,1,GET  /characters ,200,OK,"Thread Group users 100, Ramp up 1, Loop count 1 1-54",text,true,,340,127,1,1,http://localhost:3001/characters,1,0,0
1756193671423,1,POST /character ,201,Created,"Thread Group users 100, Ramp up 1, Loop count 1 1-54",text,true,,276,220,1,1,http://localhost:3001/character,1,0,0
1756193671424,1,GET  /character/id ,200,OK,"Thread Group users 100, Ramp up 1, Loop count 1 1-54",text,true,,271,128,1,1,http://localhost:3001/character/4,1,0,0
1756193671425,1,PUT /character/id ,200,OK,"Thread Group users 100, Ramp up 1, Loop count 1 1-54",text,true,,267,217,1,1,http://localhost:3001/character/4,1,0,0
1756193671426,1,DELETE /character/id ,200,OK,"Thread Group users 100, Ramp up 1, Loop count 1 1-54",text,true,,293,214,1,1,http://localhost:3001/character/4,1,0,0
1756193671430,2,GET  /characters ,200,OK,"Thread Group users 100, Ramp up 1, Loop count 1 1-55",text,true,,340,127,1,1,http://localhost:3001/characters,2,0,1
1756193671432,1,POST /character ,201,Created,"Thread Group users 100, Ramp up 1, Loop count 1 1-55",text,true,,276,220,1,1,http://localhost:3001/character,1,0,0
1756193671434,1,GET  /character/id ,200,OK,"Thread Group users 100, Ramp up 1, Loop count 1 1-55",text,true,,271,128,1,1,http://localhost:3001/character/4,1,0,0
1756193671435,1,PUT /character/id ,200,OK,"Thread Group users 100, Ramp up 1, Loop count 1 1-55",text,true,,267,217,1,1,http://localhost:3001/character/4,1,0,0
1756193671436,1,DELETE /character/id ,200,OK,"Thread Group users 100, Ramp up 1, Loop count 1 1-55",text,true,,293,214,1,1,http://localhost:3001/character/4,1,0,0
1756193671440,2,GET  /characters ,200,OK,"Thread Group users 100, Ramp up 1, Loop count 1 1-56",text,true,,340,127,1,1,http://localhost:3001/characters,2,0,1
1756193671442,2,POST /character ,201,Created,"Thread Group users 100, Ramp up 1, Loop count 1 1-56",text,true,,276,220,1,1,http://localhost:3001/character,2,0,0
1756193671444,1,GET  /character/id ,200,OK,"Thread Group users 100, Ramp up 1, Loop count 1 1-56",text,true,,271,128,1,1,http://localhost:3001/character/4,1,0,0
1756193671446,1,PUT /character/id ,200,OK,"Thread Group users 100, Ramp up 1, Loop count 1 1-56",text,true,,267,217,1,1,http://localhost:3001/character/4,1,0,0
1756193671447,1,DELETE /character/id ,200,OK,"Thread Group users 100, Ramp up 1, Loop count 1 1-56",text,true,,293,214,1,1,http://localhost:3001/character/4,1,0,0
1756193671450,2,GET  /characters ,200,OK,"Thread Group users 100, Ramp up 1, Loop count 1 1-57",text,true,,340,127,1,1,http://localhost:3001/characters,2,0,1
1756193671452,1,POST /character ,201,Created,"Thread Group users 100, Ramp up 1, Loop count 1 1-57",text,true,,276,220,1,1,http://localhost:3001/character,1,0,0
1756193671454,0,GET  /character/id ,200,OK,"Thread Group users 100, Ramp up 1, Loop count 1 1-57",text,true,,271,128,1,1,http://localhost:3001/character/4,0,0,0
1756193671455,0,PUT /character/id ,200,OK,"Thread Group users 100, Ramp up 1, Loop count 1 1-57",text,true,,267,217,1,1,http://localhost:3001/character/4,0,0,0
1756193671456,0,DELETE /character/id ,200,OK,"Thread Group users 100, Ramp up 1, Loop count 1 1-57",text,true,,293,214,1,1,http://localhost:3001/character/4,0,0,0
1756193671461,2,GET  /characters ,200,OK,"Thread Group users 100, Ramp up 1, Loop count 1 1-58",text,true,,340,127,1,1,http://localhost:3001/characters,2,0,1
1756193671463,1,POST /character ,201,Created,"Thread Group users 100, Ramp up 1, Loop count 1 1-58",text,true,,277,221,1,1,http://localhost:3001/character,1,0,0
1756193671464,1,GET  /character/id ,200,OK,"Thread Group users 100, Ramp up 1, Loop count 1 1-58",text,true,,272,128,1,1,http://localhost:3001/character/4,1,0,0
1756193671466,0,PUT /character/id ,200,OK,"Thread Group users 100, Ramp up 1, Loop count 1 1-58",text,true,,267,217,1,1,http://localhost:3001/character/4,0,0,0
1756193671467,0,DELETE /character/id ,200,OK,"Thread Group users 100, Ramp up 1, Loop count 1 1-58",text,true,,293,214,1,1,http://localhost:3001/character/4,0,0,0
1756193671470,2,GET  /characters ,200,OK,"Thread Group users 100, Ramp up 1, Loop count 1 1-59",text,true,,340,127,1,1,http://localhost:3001/characters,2,0,1
1756193671472,1,POST /character ,201,Created,"Thread Group users 100, Ramp up 1, Loop count 1 1-59",text,true,,276,220,1,1,http://localhost:3001/character,1,0,0
1756193671474,0,GET  /character/id ,200,OK,"Thread Group users 100, Ramp up 1, Loop count 1 1-59",text,true,,271,128,1,1,http://localhost:3001/character/4,0,0,0
1756193671475,1,PUT /character/id ,200,OK,"Thread Group users 100, Ramp up 1, Loop count 1 1-59",text,true,,267,217,1,1,http://localhost:3001/character/4,1,0,0
1756193671476,1,DELETE /character/id ,200,OK,"Thread Group users 100, Ramp up 1, Loop count 1 1-59",text,true,,293,214,1,1,http://localhost:3001/character/4,1,0,0
1756193671482,2,GET  /characters ,200,OK,"Thread Group users 100, Ramp up 1, Loop count 1 1-60",text,true,,340,127,1,1,http://localhost:3001/characters,2,0,1
1756193671484,1,POST /character ,201,Created,"Thread Group users 100, Ramp up 1, Loop count 1 1-60",text,true,,276,220,1,1,http://localhost:3001/character,1,0,0
1756193671486,1,GET  /character/id ,200,OK,"Thread Group users 100, Ramp up 1, Loop count 1 1-60",text,true,,271,128,1,1,http://localhost:3001/character/4,1,0,0
1756193671487,1,PUT /character/id ,200,OK,"Thread Group users 100, Ramp up 1, Loop count 1 1-60",text,true,,267,217,1,1,http://localhost:3001/character/4,1,0,0
1756193671488,1,DELETE /character/id ,200,OK,"Thread Group users 100, Ramp up 1, Loop count 1 1-60",text,true,,293,214,1,1,http://localhost:3001/character/4,1,0,0
1756193671493,1,GET  /characters ,200,OK,"Thread Group users 100, Ramp up 1, Loop count 1 1-61",text,true,,340,127,1,1,http://localhost:3001/characters,1,0,0
1756193671495,1,POST /character ,201,Created,"Thread Group users 100, Ramp up 1, Loop count 1 1-61",text,true,,276,220,1,1,http://localhost:3001/character,1,0,0
1756193671497,1,GET  /character/id ,200,OK,"Thread Group users 100, Ramp up 1, Loop count 1 1-61",text,true,,271,128,1,1,http://localhost:3001/character/4,1,0,0
1756193671498,1,PUT /character/id ,200,OK,"Thread Group users 100, Ramp up 1, Loop count 1 1-61",text,true,,267,217,1,1,http://localhost:3001/character/4,1,0,0
1756193671499,3,DELETE /character/id ,200,OK,"Thread Group users 100, Ramp up 1, Loop count 1 1-61",text,true,,293,214,2,2,http://localhost:3001/character/4,3,0,0
1756193671501,2,GET  /characters ,200,OK,"Thread Group users 100, Ramp up 1, Loop count 1 1-62",text,true,,340,127,1,1,http://localhost:3001/characters,2,0,1
1756193671504,1,POST /character ,201,Created,"Thread Group users 100, Ramp up 1, Loop count 1 1-62",text,true,,277,221,1,1,http://localhost:3001/character,1,0,0
1756193671506,0,GET  /character/id ,200,OK,"Thread Group users 100, Ramp up 1, Loop count 1 1-62",text,true,,272,128,1,1,http://localhost:3001/character/4,0,0,0
1756193671507,1,PUT /character/id ,200,OK,"Thread Group users 100, Ramp up 1, Loop count 1 1-62",text,true,,267,217,1,1,http://localhost:3001/character/4,0,0,0
1756193671508,1,DELETE /character/id ,200,OK,"Thread Group users 100, Ramp up 1, Loop count 1 1-62",text,true,,293,214,1,1,http://localhost:3001/character/4,1,0,0
1756193671511,2,GET  /characters ,200,OK,"Thread Group users 100, Ramp up 1, Loop count 1 1-63",text,true,,340,127,1,1,http://localhost:3001/characters,1,0,0
1756193671513,1,POST /character ,201,Created,"Thread Group users 100, Ramp up 1, Loop count 1 1-63",text,true,,276,220,1,1,http://localhost:3001/character,1,0,0
1756193671515,1,GET  /character/id ,200,OK,"Thread Group users 100, Ramp up 1, Loop count 1 1-63",text,true,,271,128,1,1,http://localhost:3001/character/4,1,0,0
1756193671516,1,PUT /character/id ,200,OK,"Thread Group users 100, Ramp up 1, Loop count 1 1-63",text,true,,267,217,1,1,http://localhost:3001/character/4,1,0,0
1756193671518,0,DELETE /character/id ,200,OK,"Thread Group users 100, Ramp up 1, Loop count 1 1-63",text,true,,293,214,1,1,http://localhost:3001/character/4,0,0,0
1756193671520,2,GET  /characters ,200,OK,"Thread Group users 100, Ramp up 1, Loop count 1 1-64",text,true,,340,127,1,1,http://localhost:3001/characters,2,0,1
1756193671522,2,POST /character ,201,Created,"Thread Group users 100, Ramp up 1, Loop count 1 1-64",text,true,,275,219,1,1,http://localhost:3001/character,2,0,0
1756193671525,1,GET  /character/id ,200,OK,"Thread Group users 100, Ramp up 1, Loop count 1 1-64",text,true,,270,128,1,1,http://localhost:3001/character/4,1,0,0
1756193671526,1,PUT /character/id ,200,OK,"Thread Group users 100, Ramp up 1, Loop count 1 1-64",text,true,,267,217,1,1,http://localhost:3001/character/4,1,0,0
1756193671527,1,DELETE /character/id ,200,OK,"Thread Group users 100, Ramp up 1, Loop count 1 1-64",text,true,,293,214,1,1,http://localhost:3001/character/4,1,0,0
1756193671530,2,GET  /characters ,200,OK,"Thread Group users 100, Ramp up 1, Loop count 1 1-65",text,true,,340,127,1,1,http://localhost:3001/characters,2,0,1
1756193671533,1,POST /character ,201,Created,"Thread Group users 100, Ramp up 1, Loop count 1 1-65",text,true,,277,221,1,1,http://localhost:3001/character,1,0,0
1756193671534,1,GET  /character/id ,200,OK,"Thread Group users 100, Ramp up 1, Loop count 1 1-65",text,true,,272,128,1,1,http://localhost:3001/character/4,1,0,0
1756193671535,1,PUT /character/id ,200,OK,"Thread Group users 100, Ramp up 1, Loop count 1 1-65",text,true,,267,217,1,1,http://localhost:3001/character/4,1,0,0
1756193671536,1,DELETE /character/id ,200,OK,"Thread Group users 100, Ramp up 1, Loop count 1 1-65",text,true,,293,214,1,1,http://localhost:3001/character/4,1,0,0
1756193671541,2,GET  /characters ,200,OK,"Thread Group users 100, Ramp up 1, Loop count 1 1-66",text,true,,340,127,1,1,http://localhost:3001/characters,2,0,1
1756193671543,2,POST /character ,201,Created,"Thread Group users 100, Ramp up 1, Loop count 1 1-66",text,true,,276,220,1,1,http://localhost:3001/character,2,0,0
1756193671545,2,GET  /character/id ,200,OK,"Thread Group users 100, Ramp up 1, Loop count 1 1-66",text,true,,271,128,1,1,http://localhost:3001/character/4,2,0,0
1756193671547,1,PUT /character/id ,200,OK,"Thread Group users 100, Ramp up 1, Loop count 1 1-66",text,true,,267,217,1,1,http://localhost:3001/character/4,1,0,0
1756193671548,1,DELETE /character/id ,200,OK,"Thread Group users 100, Ramp up 1, Loop count 1 1-66",text,true,,293,214,1,1,http://localhost:3001/character/4,1,0,0
1756193671551,1,GET  /characters ,200,OK,"Thread Group users 100, Ramp up 1, Loop count 1 1-67",text,true,,340,127,1,1,http://localhost:3001/characters,1,0,0
1756193671553,1,POST /character ,201,Created,"Thread Group users 100, Ramp up 1, Loop count 1 1-67",text,true,,276,220,1,1,http://localhost:3001/character,1,0,0
1756193671554,1,GET  /character/id ,200,OK,"Thread Group users 100, Ramp up 1, Loop count 1 1-67",text,true,,271,128,1,1,http://localhost:3001/character/4,1,0,0
1756193671555,1,PUT /character/id ,200,OK,"Thread Group users 100, Ramp up 1, Loop count 1 1-67",text,true,,267,217,1,1,http://localhost:3001/character/4,1,0,0
1756193671557,0,DELETE /character/id ,200,OK,"Thread Group users 100, Ramp up 1, Loop count 1 1-67",text,true,,293,214,1,1,http://localhost:3001/character/4,0,0,0
1756193671560,2,GET  /characters ,200,OK,"Thread Group users 100, Ramp up 1, Loop count 1 1-68",text,true,,340,127,1,1,http://localhost:3001/characters,2,0,1
1756193671563,1,POST /character ,201,Created,"Thread Group users 100, Ramp up 1, Loop count 1 1-68",text,true,,276,220,1,1,http://localhost:3001/character,1,0,0
1756193671565,1,GET  /character/id ,200,OK,"Thread Group users 100, Ramp up 1, Loop count 1 1-68",text,true,,271,128,1,1,http://localhost:3001/character/4,1,0,0
1756193671566,1,PUT /character/id ,200,OK,"Thread Group users 100, Ramp up 1, Loop count 1 1-68",text,true,,267,217,1,1,http://localhost:3001/character/4,1,0,0
1756193671567,1,DELETE /character/id ,200,OK,"Thread Group users 100, Ramp up 1, Loop count 1 1-68",text,true,,293,214,1,1,http://localhost:3001/character/4,1,0,0
1756193671570,2,GET  /characters ,200,OK,"Thread Group users 100, Ramp up 1, Loop count 1 1-69",text,true,,340,127,1,1,http://localhost:3001/characters,2,0,1
1756193671572,1,POST /character ,201,Created,"Thread Group users 100, Ramp up 1, Loop count 1 1-69",text,true,,276,220,1,1,http://localhost:3001/character,1,0,0
1756193671574,0,GET  /character/id ,200,OK,"Thread Group users 100, Ramp up 1, Loop count 1 1-69",text,true,,271,128,1,1,http://localhost:3001/character/4,0,0,0
1756193671574,1,PUT /character/id ,200,OK,"Thread Group users 100, Ramp up 1, Loop count 1 1-69",text,true,,267,217,1,1,http://localhost:3001/character/4,1,0,0
1756193671575,1,DELETE /character/id ,200,OK,"Thread Group users 100, Ramp up 1, Loop count 1 1-69",text,true,,293,214,1,1,http://localhost:3001/character/4,1,0,0
1756193671580,2,GET  /characters ,200,OK,"Thread Group users 100, Ramp up 1, Loop count 1 1-70",text,true,,340,127,1,1,http://localhost:3001/characters,2,0,1
1756193671582,1,POST /character ,201,Created,"Thread Group users 100, Ramp up 1, Loop count 1 1-70",text,true,,276,220,1,1,http://localhost:3001/character,1,0,0
1756193671584,1,GET  /character/id ,200,OK,"Thread Group users 100, Ramp up 1, Loop count 1 1-70",text,true,,271,128,1,1,http://localhost:3001/character/4,1,0,0
1756193671585,1,PUT /character/id ,200,OK,"Thread Group users 100, Ramp up 1, Loop count 1 1-70",text,true,,267,217,1,1,http://localhost:3001/character/4,1,0,0
1756193671586,1,DELETE /character/id ,200,OK,"Thread Group users 100, Ramp up 1, Loop count 1 1-70",text,true,,293,214,1,1,http://localhost:3001/character/4,1,0,0
1756193671590,2,GET  /characters ,200,OK,"Thread Group users 100, Ramp up 1, Loop count 1 1-71",text,true,,340,127,1,1,http://localhost:3001/characters,2,0,0
1756193671592,1,POST /character ,201,Created,"Thread Group users 100, Ramp up 1, Loop count 1 1-71",text,true,,276,220,1,1,http://localhost:3001/character,1,0,0
1756193671593,1,GET  /character/id ,200,OK,"Thread Group users 100, Ramp up 1, Loop count 1 1-71",text,true,,271,128,1,1,http://localhost:3001/character/4,1,0,0
1756193671595,1,PUT /character/id ,200,OK,"Thread Group users 100, Ramp up 1, Loop count 1 1-71",text,true,,267,217,1,1,http://localhost:3001/character/4,1,0,0
1756193671596,1,DELETE /character/id ,200,OK,"Thread Group users 100, Ramp up 1, Loop count 1 1-71",text,true,,293,214,1,1,http://localhost:3001/character/4,1,0,0
1756193671600,2,GET  /characters ,200,OK,"Thread Group users 100, Ramp up 1, Loop count 1 1-72",text,true,,340,127,1,1,http://localhost:3001/characters,2,0,1
1756193671602,1,POST /character ,201,Created,"Thread Group users 100, Ramp up 1, Loop count 1 1-72",text,true,,276,220,1,1,http://localhost:3001/character,1,0,0
1756193671604,1,GET  /character/id ,200,OK,"Thread Group users 100, Ramp up 1, Loop count 1 1-72",text,true,,271,128,1,1,http://localhost:3001/character/4,1,0,0
1756193671605,1,PUT /character/id ,200,OK,"Thread Group users 100, Ramp up 1, Loop count 1 1-72",text,true,,267,217,1,1,http://localhost:3001/character/4,1,0,0
1756193671606,1,DELETE /character/id ,200,OK,"Thread Group users 100, Ramp up 1, Loop count 1 1-72",text,true,,293,214,1,1,http://localhost:3001/character/4,1,0,0
1756193671611,2,GET  /characters ,200,OK,"Thread Group users 100, Ramp up 1, Loop count 1 1-73",text,true,,340,127,1,1,http://localhost:3001/characters,2,0,1
1756193671613,1,POST /character ,201,Created,"Thread Group users 100, Ramp up 1, Loop count 1 1-73",text,true,,276,220,1,1,http://localhost:3001/character,1,0,0
1756193671615,1,GET  /character/id ,200,OK,"Thread Group users 100, Ramp up 1, Loop count 1 1-73",text,true,,271,128,1,1,http://localhost:3001/character/4,1,0,0
1756193671616,2,PUT /character/id ,200,OK,"Thread Group users 100, Ramp up 1, Loop count 1 1-73",text,true,,267,217,1,1,http://localhost:3001/character/4,2,0,0
1756193671618,1,DELETE /character/id ,200,OK,"Thread Group users 100, Ramp up 1, Loop count 1 1-73",text,true,,293,214,1,1,http://localhost:3001/character/4,1,0,0
1756193671621,1,GET  /characters ,200,OK,"Thread Group users 100, Ramp up 1, Loop count 1 1-74",text,true,,340,127,1,1,http://localhost:3001/characters,1,0,0
1756193671623,2,POST /character ,201,Created,"Thread Group users 100, Ramp up 1, Loop count 1 1-74",text,true,,276,220,1,1,http://localhost:3001/character,2,0,0
1756193671625,1,GET  /character/id ,200,OK,"Thread Group users 100, Ramp up 1, Loop count 1 1-74",text,true,,271,128,1,1,http://localhost:3001/character/4,1,0,0
1756193671627,3,PUT /character/id ,200,OK,"Thread Group users 100, Ramp up 1, Loop count 1 1-74",text,true,,267,217,2,2,http://localhost:3001/character/4,3,0,0
1756193671631,1,DELETE /character/id ,200,OK,"Thread Group users 100, Ramp up 1, Loop count 1 1-74",text,true,,293,214,2,2,http://localhost:3001/character/4,1,0,0
1756193671631,1,GET  /characters ,200,OK,"Thread Group users 100, Ramp up 1, Loop count 1 1-75",text,true,,340,127,1,1,http://localhost:3001/characters,1,0,1
1756193671633,1,POST /character ,201,Created,"Thread Group users 100, Ramp up 1, Loop count 1 1-75",text,true,,276,220,1,1,http://localhost:3001/character,1,0,0
1756193671634,1,GET  /character/id ,200,OK,"Thread Group users 100, Ramp up 1, Loop count 1 1-75",text,true,,271,128,1,1,http://localhost:3001/character/4,1,0,0
1756193671635,1,PUT /character/id ,200,OK,"Thread Group users 100, Ramp up 1, Loop count 1 1-75",text,true,,267,217,1,1,http://localhost:3001/character/4,1,0,0
1756193671636,1,DELETE /character/id ,200,OK,"Thread Group users 100, Ramp up 1, Loop count 1 1-75",text,true,,293,214,1,1,http://localhost:3001/character/4,1,0,0
1756193671641,1,GET  /characters ,200,OK,"Thread Group users 100, Ramp up 1, Loop count 1 1-76",text,true,,340,127,1,1,http://localhost:3001/characters,1,0,0
1756193671642,2,POST /character ,201,Created,"Thread Group users 100, Ramp up 1, Loop count 1 1-76",text,true,,276,220,1,1,http://localhost:3001/character,2,0,0
1756193671644,1,GET  /character/id ,200,OK,"Thread Group users 100, Ramp up 1, Loop count 1 1-76",text,true,,271,128,1,1,http://localhost:3001/character/4,1,0,0
1756193671645,1,PUT /character/id ,200,OK,"Thread Group users 100, Ramp up 1, Loop count 1 1-76",text,true,,267,217,1,1,http://localhost:3001/character/4,1,0,0
1756193671646,2,DELETE /character/id ,200,OK,"Thread Group users 100, Ramp up 1, Loop count 1 1-76",text,true,,293,214,1,1,http://localhost:3001/character/4,2,0,0
1756193671650,2,GET  /characters ,200,OK,"Thread Group users 100, Ramp up 1, Loop count 1 1-77",text,true,,340,127,1,1,http://localhost:3001/characters,2,0,1
1756193671652,1,POST /character ,201,Created,"Thread Group users 100, Ramp up 1, Loop count 1 1-77",text,true,,276,220,1,1,http://localhost:3001/character,1,0,0
1756193671654,1,GET  /character/id ,200,OK,"Thread Group users 100, Ramp up 1, Loop count 1 1-77",text,true,,271,128,1,1,http://localhost:3001/character/4,1,0,0
1756193671655,1,PUT /character/id ,200,OK,"Thread Group users 100, Ramp up 1, Loop count 1 1-77",text,true,,267,217,1,1,http://localhost:3001/character/4,1,0,0
1756193671656,1,DELETE /character/id ,200,OK,"Thread Group users 100, Ramp up 1, Loop count 1 1-77",text,true,,293,214,1,1,http://localhost:3001/character/4,1,0,0
1756193671661,2,GET  /characters ,200,OK,"Thread Group users 100, Ramp up 1, Loop count 1 1-78",text,true,,340,127,1,1,http://localhost:3001/characters,2,0,1
1756193671663,1,POST /character ,201,Created,"Thread Group users 100, Ramp up 1, Loop count 1 1-78",text,true,,276,220,1,1,http://localhost:3001/character,1,0,0
1756193671665,1,GET  /character/id ,200,OK,"Thread Group users 100, Ramp up 1, Loop count 1 1-78",text,true,,271,128,1,1,http://localhost:3001/character/4,1,0,0
1756193671666,2,PUT /character/id ,200,OK,"Thread Group users 100, Ramp up 1, Loop count 1 1-78",text,true,,267,217,1,1,http://localhost:3001/character/4,2,0,0
1756193671668,1,DELETE /character/id ,200,OK,"Thread Group users 100, Ramp up 1, Loop count 1 1-78",text,true,,293,214,1,1,http://localhost:3001/character/4,1,0,0
1756193671671,1,GET  /characters ,200,OK,"Thread Group users 100, Ramp up 1, Loop count 1 1-79",text,true,,340,127,1,1,http://localhost:3001/characters,1,0,0
1756193671673,1,POST /character ,201,Created,"Thread Group users 100, Ramp up 1, Loop count 1 1-79",text,true,,275,219,1,1,http://localhost:3001/character,1,0,0
1756193671674,1,GET  /character/id ,200,OK,"Thread Group users 100, Ramp up 1, Loop count 1 1-79",text,true,,270,128,1,1,http://localhost:3001/character/4,1,0,0
1756193671675,1,PUT /character/id ,200,OK,"Thread Group users 100, Ramp up 1, Loop count 1 1-79",text,true,,267,217,1,1,http://localhost:3001/character/4,1,0,0
1756193671677,0,DELETE /character/id ,200,OK,"Thread Group users 100, Ramp up 1, Loop count 1 1-79",text,true,,293,214,1,1,http://localhost:3001/character/4,0,0,0
1756193671682,2,GET  /characters ,200,OK,"Thread Group users 100, Ramp up 1, Loop count 1 1-80",text,true,,340,127,1,1,http://localhost:3001/characters,2,0,0
1756193671684,1,POST /character ,201,Created,"Thread Group users 100, Ramp up 1, Loop count 1 1-80",text,true,,276,220,1,1,http://localhost:3001/character,1,0,0
1756193671686,0,GET  /character/id ,200,OK,"Thread Group users 100, Ramp up 1, Loop count 1 1-80",text,true,,271,128,1,1,http://localhost:3001/character/4,0,0,0
1756193671686,0,PUT /character/id ,200,OK,"Thread Group users 100, Ramp up 1, Loop count 1 1-80",text,true,,267,217,1,1,http://localhost:3001/character/4,0,0,0
1756193671687,0,DELETE /character/id ,200,OK,"Thread Group users 100, Ramp up 1, Loop count 1 1-80",text,true,,293,214,1,1,http://localhost:3001/character/4,0,0,0
1756193671692,2,GET  /characters ,200,OK,"Thread Group users 100, Ramp up 1, Loop count 1 1-81",text,true,,340,127,1,1,http://localhost:3001/characters,2,0,1
1756193671694,1,POST /character ,201,Created,"Thread Group users 100, Ramp up 1, Loop count 1 1-81",text,true,,277,221,1,1,http://localhost:3001/character,1,0,0
1756193671695,1,GET  /character/id ,200,OK,"Thread Group users 100, Ramp up 1, Loop count 1 1-81",text,true,,272,128,1,1,http://localhost:3001/character/4,1,0,0
1756193671696,2,PUT /character/id ,200,OK,"Thread Group users 100, Ramp up 1, Loop count 1 1-81",text,true,,267,217,1,1,http://localhost:3001/character/4,2,0,0
1756193671698,1,DELETE /character/id ,200,OK,"Thread Group users 100, Ramp up 1, Loop count 1 1-81",text,true,,293,214,1,1,http://localhost:3001/character/4,1,0,0
1756193671701,2,GET  /characters ,200,OK,"Thread Group users 100, Ramp up 1, Loop count 1 1-82",text,true,,340,127,1,1,http://localhost:3001/characters,2,0,1
1756193671703,1,POST /character ,201,Created,"Thread Group users 100, Ramp up 1, Loop count 1 1-82",text,true,,277,221,1,1,http://localhost:3001/character,1,0,0
1756193671704,1,GET  /character/id ,200,OK,"Thread Group users 100, Ramp up 1, Loop count 1 1-82",text,true,,272,128,1,1,http://localhost:3001/character/4,0,0,0
1756193671705,0,PUT /character/id ,200,OK,"Thread Group users 100, Ramp up 1, Loop count 1 1-82",text,true,,267,217,1,1,http://localhost:3001/character/4,0,0,0
1756193671705,1,DELETE /character/id ,200,OK,"Thread Group users 100, Ramp up 1, Loop count 1 1-82",text,true,,293,214,1,1,http://localhost:3001/character/4,1,0,0
1756193671712,1,GET  /characters ,200,OK,"Thread Group users 100, Ramp up 1, Loop count 1 1-83",text,true,,340,127,1,1,http://localhost:3001/characters,1,0,0
1756193671714,1,POST /character ,201,Created,"Thread Group users 100, Ramp up 1, Loop count 1 1-83",text,true,,276,220,1,1,http://localhost:3001/character,1,0,0
1756193671715,1,GET  /character/id ,200,OK,"Thread Group users 100, Ramp up 1, Loop count 1 1-83",text,true,,271,128,1,1,http://localhost:3001/character/4,1,0,0
1756193671716,1,PUT /character/id ,200,OK,"Thread Group users 100, Ramp up 1, Loop count 1 1-83",text,true,,267,217,1,1,http://localhost:3001/character/4,1,0,0
1756193671717,1,DELETE /character/id ,200,OK,"Thread Group users 100, Ramp up 1, Loop count 1 1-83",text,true,,293,214,1,1,http://localhost:3001/character/4,1,0,0
1756193671721,2,GET  /characters ,200,OK,"Thread Group users 100, Ramp up 1, Loop count 1 1-84",text,true,,340,127,1,1,http://localhost:3001/characters,2,0,1
1756193671723,1,POST /character ,201,Created,"Thread Group users 100, Ramp up 1, Loop count 1 1-84",text,true,,277,221,1,1,http://localhost:3001/character,1,0,0
1756193671725,1,GET  /character/id ,200,OK,"Thread Group users 100, Ramp up 1, Loop count 1 1-84",text,true,,272,128,1,1,http://localhost:3001/character/4,1,0,0
1756193671726,1,PUT /character/id ,200,OK,"Thread Group users 100, Ramp up 1, Loop count 1 1-84",text,true,,267,217,1,1,http://localhost:3001/character/4,1,0,0
1756193671728,1,DELETE /character/id ,200,OK,"Thread Group users 100, Ramp up 1, Loop count 1 1-84",text,true,,293,214,1,1,http://localhost:3001/character/4,1,0,0
1756193671731,1,GET  /characters ,200,OK,"Thread Group users 100, Ramp up 1, Loop count 1 1-85",text,true,,340,127,1,1,http://localhost:3001/characters,1,0,0
1756193671732,1,POST /character ,201,Created,"Thread Group users 100, Ramp up 1, Loop count 1 1-85",text,true,,276,220,1,1,http://localhost:3001/character,1,0,0
1756193671734,0,GET  /character/id ,200,OK,"Thread Group users 100, Ramp up 1, Loop count 1 1-85",text,true,,271,128,1,1,http://localhost:3001/character/4,0,0,0
1756193671735,0,PUT /character/id ,200,OK,"Thread Group users 100, Ramp up 1, Loop count 1 1-85",text,true,,267,217,1,1,http://localhost:3001/character/4,0,0,0
1756193671736,1,DELETE /character/id ,200,OK,"Thread Group users 100, Ramp up 1, Loop count 1 1-85",text,true,,293,214,1,1,http://localhost:3001/character/4,1,0,0
1756193671740,2,GET  /characters ,200,OK,"Thread Group users 100, Ramp up 1, Loop count 1 1-86",text,true,,340,127,1,1,http://localhost:3001/characters,2,0,1
1756193671742,2,POST /character ,201,Created,"Thread Group users 100, Ramp up 1, Loop count 1 1-86",text,true,,276,220,1,1,http://localhost:3001/character,2,0,0
1756193671745,0,GET  /character/id ,200,OK,"Thread Group users 100, Ramp up 1, Loop count 1 1-86",text,true,,271,128,1,1,http://localhost:3001/character/4,0,0,0
1756193671746,0,PUT /character/id ,200,OK,"Thread Group users 100, Ramp up 1, Loop count 1 1-86",text,true,,267,217,1,1,http://localhost:3001/character/4,0,0,0
1756193671747,1,DELETE /character/id ,200,OK,"Thread Group users 100, Ramp up 1, Loop count 1 1-86",text,true,,293,214,1,1,http://localhost:3001/character/4,1,0,0
1756193671750,2,GET  /characters ,200,OK,"Thread Group users 100, Ramp up 1, Loop count 1 1-87",text,true,,340,127,1,1,http://localhost:3001/characters,2,0,1
1756193671752,1,POST /character ,201,Created,"Thread Group users 100, Ramp up 1, Loop count 1 1-87",text,true,,277,221,1,1,http://localhost:3001/character,1,0,0
1756193671753,1,GET  /character/id ,200,OK,"Thread Group users 100, Ramp up 1, Loop count 1 1-87",text,true,,272,128,1,1,http://localhost:3001/character/4,1,0,0
1756193671754,1,PUT /character/id ,200,OK,"Thread Group users 100, Ramp up 1, Loop count 1 1-87",text,true,,267,217,1,1,http://localhost:3001/character/4,1,0,0
1756193671755,1,DELETE /character/id ,200,OK,"Thread Group users 100, Ramp up 1, Loop count 1 1-87",text,true,,293,214,1,1,http://localhost:3001/character/4,1,0,0
1756193671761,2,GET  /characters ,200,OK,"Thread Group users 100, Ramp up 1, Loop count 1 1-88",text,true,,340,127,1,1,http://localhost:3001/characters,2,0,1
1756193671763,1,POST /character ,201,Created,"Thread Group users 100, Ramp up 1, Loop count 1 1-88",text,true,,277,221,1,1,http://localhost:3001/character,1,0,0
1756193671765,0,GET  /character/id ,200,OK,"Thread Group users 100, Ramp up 1, Loop count 1 1-88",text,true,,272,128,1,1,http://localhost:3001/character/4,0,0,0
1756193671766,0,PUT /character/id ,200,OK,"Thread Group users 100, Ramp up 1, Loop count 1 1-88",text,true,,267,217,1,1,http://localhost:3001/character/4,0,0,0
1756193671766,1,DELETE /character/id ,200,OK,"Thread Group users 100, Ramp up 1, Loop count 1 1-88",text,true,,293,214,1,1,http://localhost:3001/character/4,1,0,0
1756193671771,2,GET  /characters ,200,OK,"Thread Group users 100, Ramp up 1, Loop count 1 1-89",text,true,,340,127,1,1,http://localhost:3001/characters,2,0,0
1756193671773,1,POST /character ,201,Created,"Thread Group users 100, Ramp up 1, Loop count 1 1-89",text,true,,276,220,1,1,http://localhost:3001/character,1,0,0
1756193671774,1,GET  /character/id ,200,OK,"Thread Group users 100, Ramp up 1, Loop count 1 1-89",text,true,,271,128,1,1,http://localhost:3001/character/4,1,0,0
1756193671775,2,PUT /character/id ,200,OK,"Thread Group users 100, Ramp up 1, Loop count 1 1-89",text,true,,267,217,1,1,http://localhost:3001/character/4,2,0,0
1756193671777,2,DELETE /character/id ,200,OK,"Thread Group users 100, Ramp up 1, Loop count 1 1-89",text,true,,293,214,1,1,http://localhost:3001/character/4,2,0,0
1756193671781,2,GET  /characters ,200,OK,"Thread Group users 100, Ramp up 1, Loop count 1 1-90",text,true,,340,127,1,1,http://localhost:3001/characters,2,0,1
1756193671783,1,POST /character ,201,Created,"Thread Group users 100, Ramp up 1, Loop count 1 1-90",text,true,,276,220,1,1,http://localhost:3001/character,1,0,0
1756193671784,1,GET  /character/id ,200,OK,"Thread Group users 100, Ramp up 1, Loop count 1 1-90",text,true,,271,128,1,1,http://localhost:3001/character/4,1,0,0
1756193671785,0,PUT /character/id ,200,OK,"Thread Group users 100, Ramp up 1, Loop count 1 1-90",text,true,,267,217,1,1,http://localhost:3001/character/4,0,0,0
1756193671786,0,DELETE /character/id ,200,OK,"Thread Group users 100, Ramp up 1, Loop count 1 1-90",text,true,,293,214,1,1,http://localhost:3001/character/4,0,0,0
1756193671790,2,GET  /characters ,200,OK,"Thread Group users 100, Ramp up 1, Loop count 1 1-91",text,true,,340,127,1,1,http://localhost:3001/characters,2,0,1
1756193671792,2,POST /character ,201,Created,"Thread Group users 100, Ramp up 1, Loop count 1 1-91",text,true,,277,221,1,1,http://localhost:3001/character,2,0,0
1756193671794,1,GET  /character/id ,200,OK,"Thread Group users 100, Ramp up 1, Loop count 1 1-91",text,true,,272,128,1,1,http://localhost:3001/character/4,1,0,0
1756193671795,1,PUT /character/id ,200,OK,"Thread Group users 100, Ramp up 1, Loop count 1 1-91",text,true,,267,217,1,1,http://localhost:3001/character/4,1,0,0
1756193671796,0,DELETE /character/id ,200,OK,"Thread Group users 100, Ramp up 1, Loop count 1 1-91",text,true,,293,214,1,1,http://localhost:3001/character/4,0,0,0
1756193671801,2,GET  /characters ,200,OK,"Thread Group users 100, Ramp up 1, Loop count 1 1-92",text,true,,340,127,1,1,http://localhost:3001/characters,2,0,1
1756193671803,1,POST /character ,201,Created,"Thread Group users 100, Ramp up 1, Loop count 1 1-92",text,true,,277,221,1,1,http://localhost:3001/character,1,0,0
1756193671805,0,GET  /character/id ,200,OK,"Thread Group users 100, Ramp up 1, Loop count 1 1-92",text,true,,272,128,1,1,http://localhost:3001/character/4,0,0,0
1756193671806,0,PUT /character/id ,200,OK,"Thread Group users 100, Ramp up 1, Loop count 1 1-92",text,true,,267,217,1,1,http://localhost:3001/character/4,0,0,0
1756193671807,1,DELETE /character/id ,200,OK,"Thread Group users 100, Ramp up 1, Loop count 1 1-92",text,true,,293,214,1,1,http://localhost:3001/character/4,1,0,0
1756193671811,2,GET  /characters ,200,OK,"Thread Group users 100, Ramp up 1, Loop count 1 1-93",text,true,,340,127,1,1,http://localhost:3001/characters,2,0,1
1756193671813,1,POST /character ,201,Created,"Thread Group users 100, Ramp up 1, Loop count 1 1-93",text,true,,276,220,1,1,http://localhost:3001/character,1,0,0
1756193671815,1,GET  /character/id ,200,OK,"Thread Group users 100, Ramp up 1, Loop count 1 1-93",text,true,,271,128,1,1,http://localhost:3001/character/4,1,0,0
1756193671816,1,PUT /character/id ,200,OK,"Thread Group users 100, Ramp up 1, Loop count 1 1-93",text,true,,267,217,1,1,http://localhost:3001/character/4,1,0,0
1756193671817,1,DELETE /character/id ,200,OK,"Thread Group users 100, Ramp up 1, Loop count 1 1-93",text,true,,293,214,1,1,http://localhost:3001/character/4,1,0,0
1756193671822,1,GET  /characters ,200,OK,"Thread Group users 100, Ramp up 1, Loop count 1 1-94",text,true,,340,127,1,1,http://localhost:3001/characters,1,0,0
1756193671823,1,POST /character ,201,Created,"Thread Group users 100, Ramp up 1, Loop count 1 1-94",text,true,,276,220,1,1,http://localhost:3001/character,1,0,0
1756193671824,1,GET  /character/id ,200,OK,"Thread Group users 100, Ramp up 1, Loop count 1 1-94",text,true,,271,128,1,1,http://localhost:3001/character/4,1,0,0
1756193671825,1,PUT /character/id ,200,OK,"Thread Group users 100, Ramp up 1, Loop count 1 1-94",text,true,,267,217,1,1,http://localhost:3001/character/4,1,0,0
1756193671826,0,DELETE /character/id ,200,OK,"Thread Group users 100, Ramp up 1, Loop count 1 1-94",text,true,,293,214,1,1,http://localhost:3001/character/4,0,0,0
1756193671831,2,GET  /characters ,200,OK,"Thread Group users 100, Ramp up 1, Loop count 1 1-95",text,true,,340,127,1,1,http://localhost:3001/characters,2,0,0
1756193671833,1,POST /character ,201,Created,"Thread Group users 100, Ramp up 1, Loop count 1 1-95",text,true,,276,220,1,1,http://localhost:3001/character,1,0,0
1756193671834,1,GET  /character/id ,200,OK,"Thread Group users 100, Ramp up 1, Loop count 1 1-95",text,true,,271,128,1,1,http://localhost:3001/character/4,1,0,0
1756193671835,1,PUT /character/id ,200,OK,"Thread Group users 100, Ramp up 1, Loop count 1 1-95",text,true,,267,217,1,1,http://localhost:3001/character/4,1,0,0
1756193671836,2,DELETE /character/id ,200,OK,"Thread Group users 100, Ramp up 1, Loop count 1 1-95",text,true,,293,214,1,1,http://localhost:3001/character/4,2,0,0
1756193671840,1,GET  /characters ,200,OK,"Thread Group users 100, Ramp up 1, Loop count 1 1-96",text,true,,340,127,1,1,http://localhost:3001/characters,1,0,0
1756193671842,1,POST /character ,201,Created,"Thread Group users 100, Ramp up 1, Loop count 1 1-96",text,true,,277,221,1,1,http://localhost:3001/character,1,0,0
1756193671843,1,GET  /character/id ,200,OK,"Thread Group users 100, Ramp up 1, Loop count 1 1-96",text,true,,272,128,1,1,http://localhost:3001/character/4,1,0,0
1756193671845,1,PUT /character/id ,200,OK,"Thread Group users 100, Ramp up 1, Loop count 1 1-96",text,true,,267,217,1,1,http://localhost:3001/character/4,1,0,0
1756193671846,1,DELETE /character/id ,200,OK,"Thread Group users 100, Ramp up 1, Loop count 1 1-96",text,true,,293,214,1,1,http://localhost:3001/character/4,1,0,0
1756193671850,2,GET  /characters ,200,OK,"Thread Group users 100, Ramp up 1, Loop count 1 1-97",text,true,,340,127,1,1,http://localhost:3001/characters,2,0,1
1756193671852,1,POST /character ,201,Created,"Thread Group users 100, Ramp up 1, Loop count 1 1-97",text,true,,276,220,1,1,http://localhost:3001/character,1,0,0
1756193671854,0,GET  /character/id ,200,OK,"Thread Group users 100, Ramp up 1, Loop count 1 1-97",text,true,,271,128,1,1,http://localhost:3001/character/4,0,0,0
1756193671855,0,PUT /character/id ,200,OK,"Thread Group users 100, Ramp up 1, Loop count 1 1-97",text,true,,267,217,1,1,http://localhost:3001/character/4,0,0,0
1756193671856,1,DELETE /character/id ,200,OK,"Thread Group users 100, Ramp up 1, Loop count 1 1-97",text,true,,293,214,1,1,http://localhost:3001/character/4,1,0,0
1756193671861,1,GET  /characters ,200,OK,"Thread Group users 100, Ramp up 1, Loop count 1 1-98",text,true,,340,127,1,1,http://localhost:3001/characters,1,0,0
1756193671862,1,POST /character ,201,Created,"Thread Group users 100, Ramp up 1, Loop count 1 1-98",text,true,,276,220,1,1,http://localhost:3001/character,1,0,0
1756193671864,1,GET  /character/id ,200,OK,"Thread Group users 100, Ramp up 1, Loop count 1 1-98",text,true,,271,128,1,1,http://localhost:3001/character/4,1,0,0
1756193671865,1,PUT /character/id ,200,OK,"Thread Group users 100, Ramp up 1, Loop count 1 1-98",text,true,,267,217,1,1,http://localhost:3001/character/4,1,0,0
1756193671866,1,DELETE /character/id ,200,OK,"Thread Group users 100, Ramp up 1, Loop count 1 1-98",text,true,,293,214,1,1,http://localhost:3001/character/4,1,0,0
1756193671870,1,GET  /characters ,200,OK,"Thread Group users 100, Ramp up 1, Loop count 1 1-99",text,true,,340,127,1,1,http://localhost:3001/characters,1,0,0
1756193671872,0,POST /character ,201,Created,"Thread Group users 100, Ramp up 1, Loop count 1 1-99",text,true,,277,221,1,1,http://localhost:3001/character,0,0,0
1756193671873,1,GET  /character/id ,200,OK,"Thread Group users 100, Ramp up 1, Loop count 1 1-99",text,true,,272,128,1,1,http://localhost:3001/character/4,1,0,0
1756193671874,1,PUT /character/id ,200,OK,"Thread Group users 100, Ramp up 1, Loop count 1 1-99",text,true,,267,217,1,1,http://localhost:3001/character/4,1,0,0
1756193671875,1,DELETE /character/id ,200,OK,"Thread Group users 100, Ramp up 1, Loop count 1 1-99",text,true,,293,214,1,1,http://localhost:3001/character/4,1,0,0
1756193671880,2,GET  /characters ,200,OK,"Thread Group users 100, Ramp up 1, Loop count 1 1-100",text,true,,340,127,1,1,http://localhost:3001/characters,2,0,1
1756193671882,1,POST /character ,201,Created,"Thread Group users 100, Ramp up 1, Loop count 1 1-100",text,true,,276,220,1,1,http://localhost:3001/character,1,0,0
1756193671883,1,GET  /character/id ,200,OK,"Thread Group users 100, Ramp up 1, Loop count 1 1-100",text,true,,271,128,1,1,http://localhost:3001/character/4,1,0,0
1756193671884,1,PUT /character/id ,200,OK,"Thread Group users 100, Ramp up 1, Loop count 1 1-100",text,true,,267,217,1,1,http://localhost:3001/character/4,1,0,0
1756193671886,1,DELETE /character/id ,200,OK,"Thread Group users 100, Ramp up 1, Loop count 1 1-100",text,true,,293,214,1,1,http://localhost:3001/character/4,1,0,0
